artist_name,artist_id,genre
KAROL G,790FomKkXshlbRYZFtlgla,reggaeton
KAROL G,790FomKkXshlbRYZFtlgla,reggaeton colombiano
KAROL G,790FomKkXshlbRYZFtlgla,trap latino
KAROL G,790FomKkXshlbRYZFtlgla,urbano latino
Feid,2LRoIwlKmHjgvigdNGBHNo,colombian pop
Feid,2LRoIwlKmHjgvigdNGBHNo,pop reggaeton
Feid,2LRoIwlKmHjgvigdNGBHNo,reggaeton
Feid,2LRoIwlKmHjgvigdNGBHNo,reggaeton colombiano
Feid,2LRoIwlKmHjgvigdNGBHNo,trap latino
Feid,2LRoIwlKmHjgvigdNGBHNo,urbano latino
Blessd,1TA5sGRlKUJXBN4ZyJuDIX,reggaeton
Blessd,1TA5sGRlKUJXBN4ZyJuDIX,urbano latino
Boza,2NfSBtmWe7oPw1EmetJVso,panamanian pop
Boza,2NfSBtmWe7oPw1EmetJVso,reggaeton
Boza,2NfSBtmWe7oPw1EmetJVso,urbano latino
Kapo,3UTF2no3muGdiFXVujl94i,
Jimin,1oSPZhvZMIrWW5I41kPkkY,k-pop
Rvssian,1fctva4kpRbg2k3v7kwRuS,reggaeton
Rvssian,1fctva4kpRbg2k3v7kwRuS,reggaeton flow
Rvssian,1fctva4kpRbg2k3v7kwRuS,trap latino
Rvssian,1fctva4kpRbg2k3v7kwRuS,urbano latino
Trueno,2x7PC78TmgqpEIjaGAZ0Oz,argentine hip hop
Trueno,2x7PC78TmgqpEIjaGAZ0Oz,bases de freestyle
Trueno,2x7PC78TmgqpEIjaGAZ0Oz,trap argentino
Trueno,2x7PC78TmgqpEIjaGAZ0Oz,trap latino
Trueno,2x7PC78TmgqpEIjaGAZ0Oz,urbano latino
RAFIK,3iwLW4iRdF33CHC3O3PjEY,
Plan B,2jSGzJw0ebJLu7OLVSOcBP,reggaeton
Plan B,2jSGzJw0ebJLu7OLVSOcBP,trap latino
Plan B,2jSGzJw0ebJLu7OLVSOcBP,urbano latino
Danny Ocean,5H1nN1SzW0qNeUEZvuXjAj,pop venezolano
Danny Ocean,5H1nN1SzW0qNeUEZvuXjAj,reggaeton
Danny Ocean,5H1nN1SzW0qNeUEZvuXjAj,trap latino
Danny Ocean,5H1nN1SzW0qNeUEZvuXjAj,urbano latino
J Abdiel,17SY5q1CMOZJBRuPcKWwPI,trap latino
J Abdiel,17SY5q1CMOZJBRuPcKWwPI,urbano latino
Manuel Turizo,0tmwSHipWxN12fsoLcFU3B,colombian pop
Manuel Turizo,0tmwSHipWxN12fsoLcFU3B,latin pop
Manuel Turizo,0tmwSHipWxN12fsoLcFU3B,reggaeton
Manuel Turizo,0tmwSHipWxN12fsoLcFU3B,reggaeton colombiano
Manuel Turizo,0tmwSHipWxN12fsoLcFU3B,trap latino
Manuel Turizo,0tmwSHipWxN12fsoLcFU3B,urbano latino
Bad Bunny,4q3ewBCX7sLwd24euuV69X,reggaeton
Bad Bunny,4q3ewBCX7sLwd24euuV69X,trap latino
Bad Bunny,4q3ewBCX7sLwd24euuV69X,urbano latino
FloyyMenor,7CvTknweLr9feJtRGrpDBy,reggaeton chileno
Rawayana,2AbQwU2cuEGfD465wCXlg2,venezuelan hip hop
Rawayana,2AbQwU2cuEGfD465wCXlg2,venezuelan rock
Omar Courtz,3E12tRURRvPfHz0hAMCFYc,trap boricua
Omar Courtz,3E12tRURRvPfHz0hAMCFYc,trap latino
Omar Courtz,3E12tRURRvPfHz0hAMCFYc,urbano latino
Lomiiel,2rMFPjySMqkgBajkLKL6zo,dembow dominicano
Young Miko,3qsKSpcV3ncke3hw52JSMB,trap latino
Young Miko,3qsKSpcV3ncke3hw52JSMB,urbano latino
Junior Caldera,0rwGV1HhNWK2Ta4rjmlmtp,trap venezolano
Myke Towers,7iK8PXO48WeuP03g8YR51W,reggaeton
Myke Towers,7iK8PXO48WeuP03g8YR51W,trap latino
Myke Towers,7iK8PXO48WeuP03g8YR51W,urbano latino
Rauw Alejandro,1mcTU81TzQhprhouKaTkpq,puerto rican pop
Rauw Alejandro,1mcTU81TzQhprhouKaTkpq,reggaeton
Rauw Alejandro,1mcTU81TzQhprhouKaTkpq,trap latino
Rauw Alejandro,1mcTU81TzQhprhouKaTkpq,urbano latino
Alvaro Diaz,5J7rXWjtn5HzUkJ4Jet8Fr,trap boricua
Alvaro Diaz,5J7rXWjtn5HzUkJ4Jet8Fr,urbano latino
iZaak,4s6Xg38sbqh4xpf4OqhVUK,trap latino
iZaak,4s6Xg38sbqh4xpf4OqhVUK,urbano latino
Quevedo,52iwsT98xCoGgiGntTiR7K,rap canario
Quevedo,52iwsT98xCoGgiGntTiR7K,trap latino
Quevedo,52iwsT98xCoGgiGntTiR7K,urbano latino
ELENA ROSE,0zO8yNnw5GQgutcIyXfGBY,r&b en espanol
Nanpa Básico,1cUpGtXcSQsovNYEZOQgOG,colombian hip hop
Nanpa Básico,1cUpGtXcSQsovNYEZOQgOG,mexican hip hop
Marshmello,64KEffDW9EtZ1y2vBYgq8T,brostep
Marshmello,64KEffDW9EtZ1y2vBYgq8T,edm
Marshmello,64KEffDW9EtZ1y2vBYgq8T,pop
Marshmello,64KEffDW9EtZ1y2vBYgq8T,progressive electro house
Beéle,7a0XAaPaK2aDSqa8p3QnC7,reggaeton colombiano
Beéle,7a0XAaPaK2aDSqa8p3QnC7,trap latino
Beéle,7a0XAaPaK2aDSqa8p3QnC7,urbano latino
LAGOS,7uQ1D2NNHs5cUL3CLKRbia,pop venezolano
The Academy: Segunda Misión,4C3ZmIqca9MWwThLaYbfXu,urbano latino
YOVNGCHIMI,4aSlfXDn9R60UlbZEboBUy,trap latino
YOVNGCHIMI,4aSlfXDn9R60UlbZEboBUy,urbano latino
La Única Tropical,1WUEWZGTvX4AjC2y5PoSDd,cumbia peruana
Cris Mj,1Yj5Xey7kTwvZla8sqdsdE,mambo chileno
Cris Mj,1Yj5Xey7kTwvZla8sqdsdE,trap latino
Cris Mj,1Yj5Xey7kTwvZla8sqdsdE,urbano chileno
Cris Mj,1Yj5Xey7kTwvZla8sqdsdE,urbano latino
Tiago PZK,5Y3MV9DZ0d87NnVm56qSY1,trap argentino
Tiago PZK,5Y3MV9DZ0d87NnVm56qSY1,trap latino
Tiago PZK,5Y3MV9DZ0d87NnVm56qSY1,urbano latino
Maluma,1r4hJ1h58CWwUQe3MxPuau,latin pop
Maluma,1r4hJ1h58CWwUQe3MxPuau,reggaeton
Maluma,1r4hJ1h58CWwUQe3MxPuau,reggaeton colombiano
Maluma,1r4hJ1h58CWwUQe3MxPuau,trap latino
Maluma,1r4hJ1h58CWwUQe3MxPuau,urbano latino
Taiu,5szJHKg5xeUlQ9pTqzdpic,trap argentino
Camilo,28gNT5KBp7IjEOQoevXf9N,colombian pop
Camilo,28gNT5KBp7IjEOQoevXf9N,latin pop
Camilo,28gNT5KBp7IjEOQoevXf9N,latin viral pop
Camilo,28gNT5KBp7IjEOQoevXf9N,reggaeton colombiano
Mesita,2IKdK6PbitvCiXt1t2bPU6,rap uruguayo
Sabrina Carpenter,74KM79TiuVKeVCqs8QtB0B,pop
J Balvin,1vyhD5VmyZ7KMfW5gqLgo5,reggaeton
J Balvin,1vyhD5VmyZ7KMfW5gqLgo5,reggaeton colombiano
J Balvin,1vyhD5VmyZ7KMfW5gqLgo5,trap latino
J Balvin,1vyhD5VmyZ7KMfW5gqLgo5,urbano latino
Big One,2OhUNb01gLwygOizYvTm0e,trap argentino
Anuel AA,2R21vXR83lH98kGeO99Y66,reggaeton
Anuel AA,2R21vXR83lH98kGeO99Y66,reggaeton flow
Anuel AA,2R21vXR83lH98kGeO99Y66,trap boricua
Anuel AA,2R21vXR83lH98kGeO99Y66,trap latino
Anuel AA,2R21vXR83lH98kGeO99Y66,urbano latino
Marc Seguí,5FQ8tBUtIamA2hRtatrYUF,spanish pop
Jay Wheeler,2cPqdH7XMvwaBJEVjheH8g,reggaeton
Jay Wheeler,2cPqdH7XMvwaBJEVjheH8g,trap latino
Jay Wheeler,2cPqdH7XMvwaBJEVjheH8g,urbano latino
Los Ángeles Azules,0ZCO8oVkMj897cKgFH7fRW,gruperas inmortales
Los Ángeles Azules,0ZCO8oVkMj897cKgFH7fRW,musica mexicana
Los Ángeles Azules,0ZCO8oVkMj897cKgFH7fRW,nu-cumbia
Los Ángeles Azules,0ZCO8oVkMj897cKgFH7fRW,ranchera
Los Ángeles Azules,0ZCO8oVkMj897cKgFH7fRW,tropical
Billie Eilish,6qqNVTkY8uBg9cP3Jd7DAH,art pop
Billie Eilish,6qqNVTkY8uBg9cP3Jd7DAH,pop
Los Enanitos Verdes,4TK1gDgb7QKoPFlzRrBRgR,argentine rock
Los Enanitos Verdes,4TK1gDgb7QKoPFlzRrBRgR,latin alternative
Los Enanitos Verdes,4TK1gDgb7QKoPFlzRrBRgR,latin pop
Los Enanitos Verdes,4TK1gDgb7QKoPFlzRrBRgR,latin rock
Los Enanitos Verdes,4TK1gDgb7QKoPFlzRrBRgR,mexican pop
Los Enanitos Verdes,4TK1gDgb7QKoPFlzRrBRgR,rock en espanol
Los Enanitos Verdes,4TK1gDgb7QKoPFlzRrBRgR,ska argentino
Pascal,2fuu7gBnfDhgJNt1Yr4ERu,pop peruano
JIN,5vV3bFXnN6D6N3Nj4xRvaV,k-pop
Luis R Conriquez,0pePYDrJGk8gqMRbXrLJC8,corrido
Luis R Conriquez,0pePYDrJGk8gqMRbXrLJC8,corridos tumbados
Luis R Conriquez,0pePYDrJGk8gqMRbXrLJC8,norteno
Luis R Conriquez,0pePYDrJGk8gqMRbXrLJC8,sad sierreno
Luis R Conriquez,0pePYDrJGk8gqMRbXrLJC8,sierreno
Tony Dize,3LKXWvXFWrkwUzJWxzwVpW,reggaeton
Tony Dize,3LKXWvXFWrkwUzJWxzwVpW,urbano latino
Grupo Frontera,6XkjpgcEsYab502Vr1bBeW,musica chihuahuense
Calle 24,6dLuQ5qXxIuWc5urxfIiZR,corrido
Calle 24,6dLuQ5qXxIuWc5urxfIiZR,corridos tumbados
Calle 24,6dLuQ5qXxIuWc5urxfIiZR,sad sierreno
Calle 24,6dLuQ5qXxIuWc5urxfIiZR,sierreno
Xavi,3Me35AWHCGqW4sZ7bWWJt1,sad sierreno
Carin Leon,66ihevNkSYNzRAl44dx6jJ,corrido
Carin Leon,66ihevNkSYNzRAl44dx6jJ,musica mexicana
Carin Leon,66ihevNkSYNzRAl44dx6jJ,sad sierreno
Carin Leon,66ihevNkSYNzRAl44dx6jJ,sierreno
Aventura,1qto4hHid1P71emI6Fd8xi,bachata
Aventura,1qto4hHid1P71emI6Fd8xi,bachata dominicana
Aventura,1qto4hHid1P71emI6Fd8xi,latin hip hop
Aventura,1qto4hHid1P71emI6Fd8xi,latin pop
Aventura,1qto4hHid1P71emI6Fd8xi,tropical
Aventura,1qto4hHid1P71emI6Fd8xi,urbano latino
Arcángel,4SsVbpTthjScTS7U2hmr1X,latin hip hop
Arcángel,4SsVbpTthjScTS7U2hmr1X,reggaeton
Arcángel,4SsVbpTthjScTS7U2hmr1X,trap latino
Arcángel,4SsVbpTthjScTS7U2hmr1X,urbano latino
Tainy,0GM7qgcRCORpGnfcN2tCiB,pop reggaeton
Tainy,0GM7qgcRCORpGnfcN2tCiB,reggaeton
Tainy,0GM7qgcRCORpGnfcN2tCiB,trap latino
Tainy,0GM7qgcRCORpGnfcN2tCiB,urbano latino
Camila,2gRP1Ezbtj3qrERnd0XasU,latin arena pop
Camila,2gRP1Ezbtj3qrERnd0XasU,latin pop
Christian Nodal,0XwVARXT135rw8lyw1EeWP,mariachi
Christian Nodal,0XwVARXT135rw8lyw1EeWP,musica mexicana
Christian Nodal,0XwVARXT135rw8lyw1EeWP,ranchera
Daddy Yankee,4VMYDCV2IEDYJArk749S6m,latin hip hop
Daddy Yankee,4VMYDCV2IEDYJArk749S6m,reggaeton
Daddy Yankee,4VMYDCV2IEDYJArk749S6m,trap latino
Daddy Yankee,4VMYDCV2IEDYJArk749S6m,urbano latino
Natanael Cano,0elWFr7TW8piilVRYJUe4P,corrido
Natanael Cano,0elWFr7TW8piilVRYJUe4P,corridos tumbados
Natanael Cano,0elWFr7TW8piilVRYJUe4P,musica mexicana
Natanael Cano,0elWFr7TW8piilVRYJUe4P,sad sierreno
Natanael Cano,0elWFr7TW8piilVRYJUe4P,sierreno
Zion,1pgDilWYDWLoOgGjf1iHNu,reggaeton
Zion,1pgDilWYDWLoOgGjf1iHNu,urbano latino
Key-Key,6GKbEjuVNKuuAKetDXA2Mi,raspe
Julión Álvarez y su Norteño Banda,1bfl0AU8SqmLkElptOprhC,banda
Julión Álvarez y su Norteño Banda,1bfl0AU8SqmLkElptOprhC,musica mexicana
Julión Álvarez y su Norteño Banda,1bfl0AU8SqmLkElptOprhC,norteno
Julión Álvarez y su Norteño Banda,1bfl0AU8SqmLkElptOprhC,sad sierreno
Chimbala,4VVEpEhC8NcR7AqNEds42U,dembow
Chimbala,4VVEpEhC8NcR7AqNEds42U,rap dominicano
Julieta Venegas,2QWIScpFDNxmS6ZEMIUvgm,cantautora mexicana
Julieta Venegas,2QWIScpFDNxmS6ZEMIUvgm,latin alternative
Julieta Venegas,2QWIScpFDNxmS6ZEMIUvgm,latin pop
Julieta Venegas,2QWIScpFDNxmS6ZEMIUvgm,latin rock
Julieta Venegas,2QWIScpFDNxmS6ZEMIUvgm,rock en espanol
Los Temerarios,3YbOSxo85kla7RID8ugnW3,grupera
Los Temerarios,3YbOSxo85kla7RID8ugnW3,musica mexicana
Don Omar,33ScadVnbm2X8kkUqOkC6Z,latin hip hop
Don Omar,33ScadVnbm2X8kkUqOkC6Z,puerto rican pop
Don Omar,33ScadVnbm2X8kkUqOkC6Z,reggaeton
Don Omar,33ScadVnbm2X8kkUqOkC6Z,trap latino
Don Omar,33ScadVnbm2X8kkUqOkC6Z,urbano latino
The Weeknd,1Xyo4u8uXC1ZmMpatF05PJ,canadian contemporary r&b
The Weeknd,1Xyo4u8uXC1ZmMpatF05PJ,canadian pop
The Weeknd,1Xyo4u8uXC1ZmMpatF05PJ,pop
Franco De Vita,4NEYQeEYBUjfaXgDQGvFvu,latin arena pop
Franco De Vita,4NEYQeEYBUjfaXgDQGvFvu,latin pop
Bryan Martínez,7FctMSq2t2zyod20njlcjP,
Valentino Merlo,55ru5B05MMBunM1tvH7Di6,
V,3JsHnjpbhX4SnySpvpa9DK,j-division
V,3JsHnjpbhX4SnySpvpa9DK,korean ost
The La Planta,4oZolC0sCwCAKqsNXfRlVS,cumbia pop
Luck Ra,4kcQWQDK0u9AftVSpdrAgk,cumbia pop
Luck Ra,4kcQWQDK0u9AftVSpdrAgk,trap argentino
Luck Ra,4kcQWQDK0u9AftVSpdrAgk,trap triste
El Turko,7aqaIr9F3tHP7BMsmfAL8Z,
Renn,25HXdVQcRMRgDKWbk5cn0G,
Ozuna,1i8SpTcr7yvPOmcqrbnVXY,puerto rican pop
Ozuna,1i8SpTcr7yvPOmcqrbnVXY,reggaeton
Ozuna,1i8SpTcr7yvPOmcqrbnVXY,trap latino
Ozuna,1i8SpTcr7yvPOmcqrbnVXY,urbano latino
Morat,5C4PDR4LnhZTbVnKWXuDKD,colombian pop
Morat,5C4PDR4LnhZTbVnKWXuDKD,latin viral pop
Juanes,0UWZUmn7sybxMCqrw9tGa7,colombian pop
Juanes,0UWZUmn7sybxMCqrw9tGa7,latin pop
Juanes,0UWZUmn7sybxMCqrw9tGa7,mexican pop
Juanes,0UWZUmn7sybxMCqrw9tGa7,rock en espanol
Mora,0Q8NcsJwoCbZOHHW63su5S,trap latino
Mora,0Q8NcsJwoCbZOHHW63su5S,urbano latino
Shakira,0EmeFodog0BfCgMzAIvKQp,colombian pop
Shakira,0EmeFodog0BfCgMzAIvKQp,dance pop
Shakira,0EmeFodog0BfCgMzAIvKQp,latin pop
Shakira,0EmeFodog0BfCgMzAIvKQp,pop
Rels B,2IMZYfNi21MGqxopj9fWx8,r&b en espanol
Rels B,2IMZYfNi21MGqxopj9fWx8,spanish hip hop
Rels B,2IMZYfNi21MGqxopj9fWx8,trap latino
Rels B,2IMZYfNi21MGqxopj9fWx8,urbano espanol
Rels B,2IMZYfNi21MGqxopj9fWx8,urbano latino
Cris Valencia,7xP0fQcNHEMD9yL5j4ERz1,
Luis Alfonso,0GchaVw5KfSVEm0xl0OXEe,musica popular colombiana
Ryan Castro,7j6DKwmjbxvpQO8h914uEz,reggaeton
Ryan Castro,7j6DKwmjbxvpQO8h914uEz,trap colombiano
Ryan Castro,7j6DKwmjbxvpQO8h914uEz,trap latino
Ryan Castro,7j6DKwmjbxvpQO8h914uEz,urbano latino
Ñejo & Dalmata,1ykothWH0xl8drRyJWuw7I,reggaeton
Ñejo & Dalmata,1ykothWH0xl8drRyJWuw7I,urbano latino
Dalmata,3jGlU8UMMo44I2xeLQ6FD3,reggaeton
Dalmata,3jGlU8UMMo44I2xeLQ6FD3,urbano latino
Dimension Latina,2ixSzFmACsZSsx40fXTNYk,classic venezuelan pop
Dimension Latina,2ixSzFmACsZSsx40fXTNYk,salsa
Dimension Latina,2ixSzFmACsZSsx40fXTNYk,salsa venezolana
Tego Calderón,3SUT1jjM5hzZj9TLfLZGIP,latin hip hop
Tego Calderón,3SUT1jjM5hzZj9TLfLZGIP,rap boricua
Tego Calderón,3SUT1jjM5hzZj9TLfLZGIP,reggaeton
Tego Calderón,3SUT1jjM5hzZj9TLfLZGIP,trap latino
Tego Calderón,3SUT1jjM5hzZj9TLfLZGIP,urbano latino
MEL GRANDA,6h9lS66Ib3dOiz3Gg6PpI1,
La Joaqui,60XHOAhvEBiV6BGBOv8ClM,argentine hip hop
La Joaqui,60XHOAhvEBiV6BGBOv8ClM,rap latina
Q' Lokura,7dlkBH23ERFXxuNoMHq94Y,cuarteto
Maria Becerra,1DxLCyH42yaHKGK3cl5bvG,pop argentino
Maria Becerra,1DxLCyH42yaHKGK3cl5bvG,urbano latino
Nicki Nicole,2UZIAOlrnyZmyzt1nuXr9y,argentine hip hop
Nicki Nicole,2UZIAOlrnyZmyzt1nuXr9y,r&b argentino
Nicki Nicole,2UZIAOlrnyZmyzt1nuXr9y,trap argentino
Nicki Nicole,2UZIAOlrnyZmyzt1nuXr9y,trap latino
Nicki Nicole,2UZIAOlrnyZmyzt1nuXr9y,urbano latino
Emilia,0AqlFI0tz2DsEoJlKSIiT9,pop argentino
Salastkbron,3WMlRpW5JWuDI95TcEWt3r,pop argentino
ECKO,2Jb9jVnCpWkXtoGznFJ6bF,argentine hip hop
ECKO,2Jb9jVnCpWkXtoGznFJ6bF,trap argentino
elaggume,5RopQXy9tobYADC0GZyLVb,
Milo j,19HM5j0ULGSmEoRcrSe5x3,trap argentino
Milo j,19HM5j0ULGSmEoRcrSe5x3,trap latino
Milo j,19HM5j0ULGSmEoRcrSe5x3,urbano latino
DJ Tao,5CA5IqbsFr4hpNLdjgO0BU,cumbia 420
DJ Tao,5CA5IqbsFr4hpNLdjgO0BU,cumbia pop
DJ Tao,5CA5IqbsFr4hpNLdjgO0BU,previa
Bhavi,7fT2Me47PQ8T7954PKrcwR,argentine hip hop
Bhavi,7fT2Me47PQ8T7954PKrcwR,trap argentino
Bhavi,7fT2Me47PQ8T7954PKrcwR,trap triste
Emanero,2BTS8Np1YzPQuXjgdlqsBB,argentine hip hop
Emanero,2BTS8Np1YzPQuXjgdlqsBB,rap conciencia
Emanero,2BTS8Np1YzPQuXjgdlqsBB,rap underground argentino
No Te Va Gustar,4ZDoy7AWNgQVmX7T0u0B1j,latin alternative
No Te Va Gustar,4ZDoy7AWNgQVmX7T0u0B1j,reggae uruguayo
No Te Va Gustar,4ZDoy7AWNgQVmX7T0u0B1j,rock en espanol
No Te Va Gustar,4ZDoy7AWNgQVmX7T0u0B1j,rock uruguayo
Thomy DJ,1owf6hAeplDLF3a8lwI6kY,
DobleP,2eXWodjj5K1vVq2CSjl036,
Peso Pluma,12GqGscKJx3aE4t07u7eVZ,corridos tumbados
Peso Pluma,12GqGscKJx3aE4t07u7eVZ,sad sierreno
Oscar Maydon,3l9G1G9MxH6DaRhwLklaf5,corrido
Oscar Maydon,3l9G1G9MxH6DaRhwLklaf5,sierreno
Junior H,7Gi6gjaWy3DxyilpF1a8Is,corrido
Junior H,7Gi6gjaWy3DxyilpF1a8Is,corridos tumbados
Junior H,7Gi6gjaWy3DxyilpF1a8Is,musica mexicana
Junior H,7Gi6gjaWy3DxyilpF1a8Is,sad sierreno
Junior H,7Gi6gjaWy3DxyilpF1a8Is,sierreno
Tito Double P,5eumcnUkdmGvkvcsx1WFNG,corrido
Fuerza Regida,0ys2OFYzWYB5hRDLCsBqxt,corrido
Fuerza Regida,0ys2OFYzWYB5hRDLCsBqxt,corridos tumbados
Fuerza Regida,0ys2OFYzWYB5hRDLCsBqxt,sad sierreno
Fuerza Regida,0ys2OFYzWYB5hRDLCsBqxt,sierreno
Nueva H,0AY6tq934rmw7zSFRl6e6S,
Grupo Firme,1dKdetem2xEmjgvyymzytS,banda
Grupo Firme,1dKdetem2xEmjgvyymzytS,musica mexicana
Grupo Firme,1dKdetem2xEmjgvyymzytS,norteno
Grupo Firme,1dKdetem2xEmjgvyymzytS,sierreno
Gabito Ballesteros,6Sbl0NT50roqWvy746MfVf,corrido
Gabito Ballesteros,6Sbl0NT50roqWvy746MfVf,sierreno
Kevin AMF,1XtR9vPQD6cjmHlR5PuHPu,urbano mexicano
emmanuellcortess_,7hDt3OE2ubsKzO9rMYPXox,
Bizarrap,716NhGYqD1jl2wI1Qkgq36,argentine hip hop
Bizarrap,716NhGYqD1jl2wI1Qkgq36,pop venezolano
Bizarrap,716NhGYqD1jl2wI1Qkgq36,trap argentino
Bizarrap,716NhGYqD1jl2wI1Qkgq36,trap latino
Bizarrap,716NhGYqD1jl2wI1Qkgq36,urbano latino
Belinda,5LeiVcEnsZcwc133TUhJNW,latin arena pop
Belinda,5LeiVcEnsZcwc133TUhJNW,latin pop
Belinda,5LeiVcEnsZcwc133TUhJNW,mexican pop
Victor Cibrian,1iXdpCz3AeLEAvzqeNodt8,corrido
Victor Cibrian,1iXdpCz3AeLEAvzqeNodt8,corridos tumbados
Victor Cibrian,1iXdpCz3AeLEAvzqeNodt8,sierreno
Fran C,5NenY2Jl9wwLRxf86go4Y8,reggaeton chileno
Kidd Voodoo,10VBp06W8NIgMW4JruLCC4,urbano chileno
Jere Klein,35oGZihZclGoTVuICPXRP9,reggaeton chileno
Bryant Myers,6w9ToX5slZ4uIdmD17hJ3c,reggaeton
Bryant Myers,6w9ToX5slZ4uIdmD17hJ3c,reggaeton flow
Bryant Myers,6w9ToX5slZ4uIdmD17hJ3c,trap latino
Bryant Myers,6w9ToX5slZ4uIdmD17hJ3c,urbano latino
Pablo Chill-E,2XcZshqzPKm3iZcmt73R8D,trap chileno
Pablo Chill-E,2XcZshqzPKm3iZcmt73R8D,urbano chileno
Pablo Chill-E,2XcZshqzPKm3iZcmt73R8D,urbano latino
Lucky Brown,11HepfI1lj6KJHj651rZhM,urbano chileno
eleven1.1,1yh29osKJYH6l9JlPFgpLY,
Gino Mella,7HYJrA3HSTNDmkl5pylhaY,reggaeton chileno
Gino Mella,7HYJrA3HSTNDmkl5pylhaY,urbano chileno
Young Cister,0Yg29FX1M4ayqjXs0ttZFq,trap chileno
Young Cister,0Yg29FX1M4ayqjXs0ttZFq,urbano chileno
Tobal Mj,2BJWqrBKEqtZUKWtzmpPDj,urbano chileno
ITHAN NY,0LshXUmIub6xKvOq4QmtNs,drill chileno
ITHAN NY,0LshXUmIub6xKvOq4QmtNs,urbano chileno
LA NUEVA ESCUELA,5TeBsszZQTyqBX4eDHdtNx,plena uruguaya
La Deskarga,3Pohtvl5MO8eQpaZVOrhUS,plena uruguaya
Bauti Mascia,4cV73y9UlkKTCIWbuP2hbG,
Airbag,1wKDGglKV4FsFS85r2Dmpr,argentine rock
Roze Oficial,2Hxu0Wmd7FUm0euCVInVrN,cumbia pop
Becky G,4obzFoKoKRHIphyHzJ35G3,latin pop
Becky G,4obzFoKoKRHIphyHzJ35G3,latin viral pop
Becky G,4obzFoKoKRHIphyHzJ35G3,rap latina
Becky G,4obzFoKoKRHIphyHzJ35G3,reggaeton
Becky G,4obzFoKoKRHIphyHzJ35G3,trap latino
Becky G,4obzFoKoKRHIphyHzJ35G3,urbano latino
TINI,7vXDAI8JwjW531ouMGbfcp,latin pop
TINI,7vXDAI8JwjW531ouMGbfcp,latin viral pop
TINI,7vXDAI8JwjW531ouMGbfcp,pop argentino
Lu de la Tower,52299B9p02G2fK6Tx0lDVQ,pop boliviano
Kany García,69UypehHabb68utzfjAVlV,latin pop
Kany García,69UypehHabb68utzfjAVlV,puerto rican pop
BARBEL,6oYwraA8pyfDH4Otny6ooZ,panamanian pop
Valentino GRM,71DQO8pgnTwS3lNCq0cDcr,panamanian pop
Ivanko,4bhrVqGPes1algf6XrsXqm,
JEYSON,0ghH5fsPlkf2XIALKJNSsb,panamanian pop
Sevdaliza,5MraexJKZDrQYzS98kNwie,alternative r&b
Sevdaliza,5MraexJKZDrQYzS98kNwie,persian electronic
SMILE BEATS,5A0VwTrVvV03LMeBZYT99d,panamanian pop
Josuan,4I8dxVJ518Fc8xqfIilTeU,
Kanelo,1kiLCdssvOmoUloZPGsOZo,
NTG,6GlX3FdCQrMftGfVaWcmPZ,dembow dominicano
Amenazzy,6kq4GHwUcUojGIu0ziSNXf,rap dominicano
Amenazzy,6kq4GHwUcUojGIu0ziSNXf,reggaeton
Amenazzy,6kq4GHwUcUojGIu0ziSNXf,trap latino
Amenazzy,6kq4GHwUcUojGIu0ziSNXf,urbano latino
Jezzy,1y8spb5Thg0p5ybNtdk4tu,dembow dominicano
La Perversa,4UcGO4hOufILa9qGd3KOCo,dembow dominicano
La Perversa,4UcGO4hOufILa9qGd3KOCo,trap dominicano
El Alfa,2oQX8QiMXOyuqbcZEFsZfm,dembow
El Alfa,2oQX8QiMXOyuqbcZEFsZfm,rap dominicano
El Alfa,2oQX8QiMXOyuqbcZEFsZfm,trap latino
El Alfa,2oQX8QiMXOyuqbcZEFsZfm,urbano latino
Jey One,0B4uq7LA4vdVwFPDoOcVtw,dembow dominicano
Sin Nombre,0b4EVanoJb8wkWF7QUA3uY,
El Sicokario 42,3J7Uc1H7zS531UBr8cj0F5,
Bigoblin,38m9i1Ro4UpoMLGuRm6bwq,trap dominicano
Papera,0L7AJNWmGtSjzASON8eTDW,dembow dominicano
Rochy RD,4riOEaOW5hCeqomFDBk0aP,dembow
Rochy RD,4riOEaOW5hCeqomFDBk0aP,dembow dominicano
Rochy RD,4riOEaOW5hCeqomFDBk0aP,rap dominicano
Rochy RD,4riOEaOW5hCeqomFDBk0aP,trap latino
Omar Montes,3lY9Fxceu60W1rbon7PkuF,flamenco urbano
Omar Montes,3lY9Fxceu60W1rbon7PkuF,urbano espanol
Isabel Aaiún,5qSwpcWU98AJITpF4USeC3,
Lola Indigo,3bvfu2KAve4lPHrhEFDZna,spanish pop
Diegote,2V9MnjEMqwXm7sice07NQK,
SAIKO,2O8vbr4RYPpk6MRA4fio7u,trap latino
SAIKO,2O8vbr4RYPpk6MRA4fio7u,urbano espanol
SAIKO,2O8vbr4RYPpk6MRA4fio7u,urbano latino
Dei V,2YRyPiW98bpkARAS4B3OQP,trap latino
Dei V,2YRyPiW98bpkARAS4B3OQP,urbano latino
Gonzy,4ixNZvQuuzCDxBsxO9zE6L,urbano latino
El Bobe,3FtVhV92rZyHa7ot2ioG5a,drill espanol
JC Reyes,0FwnPHExlRRxEZPLAi5tmG,urbano espanol
Samuel G,4wJrOCb0eBFfnD4bYqtYKI,flamenco urbano
Morad,4az97MtWmBQ5Db3GfDh9j9,drill espanol
Morad,4az97MtWmBQ5Db3GfDh9j9,urbano espanol
Cyril Kamer,3J1MhhyXLJRNRZVrx11Lbf,drill espanol
Sky Rompiendo,51XrH5fQP2oIQynuKxSWcW,trap latino
Sky Rompiendo,51XrH5fQP2oIQynuKxSWcW,urbano latino
Rvfv,2CCgb0KApjfQDuTppovpf8,drill espanol
Rvfv,2CCgb0KApjfQDuTppovpf8,flamenco urbano
Rvfv,2CCgb0KApjfQDuTppovpf8,urbano espanol
Rvfv,2CCgb0KApjfQDuTppovpf8,urbano latino
Sebastian Yatra,07YUOmWljBTXwIseAUd9TW,colombian pop
Sebastian Yatra,07YUOmWljBTXwIseAUd9TW,latin pop
Sebastian Yatra,07YUOmWljBTXwIseAUd9TW,reggaeton
Sebastian Yatra,07YUOmWljBTXwIseAUd9TW,reggaeton colombiano
Sebastian Yatra,07YUOmWljBTXwIseAUd9TW,urbano latino
Cruz Cafuné,0jeYkqwckGJoHQhhXwgzk3,rap canario
Cruz Cafuné,0jeYkqwckGJoHQhhXwgzk3,urbano espanol
